"SPECIE","TOTAL_PMID_SPECIE"
"M_m02731c",0
"M_m02864c",0
"M_m01666c",282
"M_m01799c",46
"M_m03096c",0
"M_3deccrn_c",0
"M_gluthr_c",0
"M_m02997c",9205
"M_m00334c",0
"M_prohistyr_c",0
"M_m02730c",0
"M_m03095g",0
"M_m02863c",0
"M_m01798c",559
"M_m01400c",1430
"M_m00202c",0
"M_m02996c",34821
"M_cyscys_c",0
"M_m02862c",0
"M_m01797c",2275
"M_m00598c",0
"M_m01664p",0
"M_m02995c",7478
"M_m02861c",0
"M_m01796c",202394
"M_m03093c",0
"M_m01663p",8
"M_m00599c",37
"M_m00200c",0
"M_m02994c",5590
"M_m02860c",0
"M_m03092g",0
"M_m00596p",0
"M_m01795c",187
"M_m02993c",17391
"M_m03091c",0
"M_c14dccoa_p",0
"M_m01661c",0
"M_valtrpphe_c",0
"M_glylyscys_c",0
"M_m02992c",47
"M_m03090c",0
"M_m02119c",0
"M_31dmt_c",0
"M_m01660c",0
"M_m01793c",15
"M_metasntyr_c",0
"M_m02118c",0
"M_asphispro_c",0
"M_m00595c",0
"M_m00592c",49
"M_m02117c",0
"M_2docohexecoa_m",0
"M_m01791c",5
"M_3hexdtricoa_m",0
"M_m00460c",0
"M_m02116c",0
"M_m01790c",11455
"M_m00593c",0
"M_m00590c",0
"M_m02115c",0
"M_octdececoa_c",0
"M_m00818c",7
"M_m01049c",0
"M_m00817m",0
"M_m00591c",611
"M_hisasp_c",0
"M_m00819c",0
"M_m02114p",0
"M_m02113c",637
"M_epoxtac_c",0
"M_m02379c",33
"M_m00815c",11
"M_m00948p",0
"M_m02378c",62
"M_m02112c",0
"M_4hexdtetcoa_m",0
"M_2m3ovac_c",0
"M_m00816c",8
"M_m00949c",0
"M_m01048c",0
"M_m02377c",0
"M_m00813p",34
"M_glyc_S_c",0
"M_m00946c",13
"M_m01045c",221
"M_m01178c",5
"M_alaasnleu_c",0
"M_m00814p",0
"M_m02376c",0
"M_m01179r",0
"M_m00947c",0
"M_m02110c",0
"M_thrtyrmet_c",0
"M_argserser_c",0
"M_m00811c",0
"M_m00944c",0
"M_4mtob_c",0
"M_m00812s",0
"M_m01177c",0
"M_m01044c",47
"M_m00945c",0
"M_CE2615_c",0
"M_m02374c",1093
"M_leuproarg_c",0
"M_hislysval_c",0
"M_m01041c",0
"M_m00942c",0
"M_m02373c",0
"M_m00810s",0
"M_m01042c",149
"M_m01175c",0
"M_cvm1gluc_r",0
"M_m00943c",0
"M_m02372c",11
"M_argglygly_c",0
"M_m01172c",5770
"M_hpdece_c",0
"M_m00940c",0
"M_m02371c",84
"M_m01040c",639
"M_m02370c",11
"M_m00941c",49
"M_m01170c",250
"M_m02729c",0
"M_lstnm4_c",0
"M_m01171c",0
"M_m02728c",0
"M_tlacfvs_c",0
"M_m02727m",0
"M_phetrpleu_c",0
"M_m02859c",0
"M_mettrpphe_c",0
"M_m02858m",0
"M_m02725c",448
"M_HC01988_c",0
"M_cysleuthr_c",0
"M_m01659c",4874
"M_m02724c",28507
"M_m03089c",39795
"M_m02857m",0
"M_subgly_c",0
"M_m02723c",84
"M_m03088c",1165
"M_eipencoa_p",0
"M_m00326c",2
"M_m02989c",0
"M_m02856m",0
"M_m02722c",84
"M_m01657c",0
"M_m02855c",1
"M_m00327c",0
"M_bzcoa_m",0
"M_m02721c",80
"M_m01789c",1411
"M_m02854c",0
"M_m03086c",0
"M_m02987c",28
"M_m00324c",1136
"M_m00457c",0
"M_am1accs_c",0
"M_m02720c",1168
"M_m02853c",0
"M_m01655c",5
"M_m01788c",6771
"M_hislysglu_c",0
"M_m00325c",37
"M_m02852c",0
"M_m01787c",93909
"M_m01654c",159
"M_m03084c",0
"M_m00322c",0
"M_m02985c",145
"M_serphelys_c",0
"M_1ohmdz_c",0
"M_sebcoa_c",0
"M_m02851c",0
"M_m01786c",201
"M_m03083c",0
"M_m00589c",0
"M_proglulys_c",0
"M_m02984c",2528
"M_m02850c",0
"M_m01785c",78
"M_argpromet_c",0
"M_m03082c",0
"M_m00320c",0
"M_m02983c",150
"M_m03081c",0
"M_m01784c",6193
"M_m00321c",0
"M_m02982c",12290
"M_m03080c",0
"M_m02109c",0
"M_m01650c",16
"M_2dp6mobq_me_m",0
"M_m01783r",0
"M_aspvalasn_c",0
"M_9_cis_retfa_c",0
"M_3octdece1crn_c",0
"M_m02108c",164
"M_oxy1rb_c",0
"M_tyralaphe_c",0
"M_m00452c",0
"M_m01782r",0
"M_m00585c",18
"M_m02980c",348
"M_m02107c",0
"M_6ohfvsglu_c",0
"M_m01781r",0
"M_m00583c",0
"M_m00450c",0
"M_leuasnasp_c",0
"M_m00580c",4
"M_m02105c",0
"M_asplysglu_c",0
"M_m01039c",2
"M_m02104c",0
"M_m00809c",0
"M_m02369c",970
"M_m01037m",0
"M_m00939c",0
"M_m00938c",0
"M_thrglntyr_c",0
"M_m02368c",0
"M_m00807c",80
"M_m02367c",6
"M_m02101c",2
"M_indole_c",0
"M_ptvstlac_c",0
"M_m01035c",0
"M_m01168c",4842
"M_m02366c",1290
"M_m02499c",0
"M_m02100c",1
"M_m01036c",0
"M_m00937c",0
"M_m01169c",554
"M_m02498c",0
"M_m00801p",0
"M_m02365c",57
"M_m01166c",0
"M_m01299c",5
"M_omhdecacid_c",0
"M_m00934m",0
"M_m02364c",5798
"M_m02497c",0
"M_m01034c",7
"M_m01167c",107
"M_am1csa_c",0
"M_m02496c",16
"M_tag1p_D_c",0
"M_hyochol_c",105
"M_m01164c",4
"M_octd11ecoa_c",0
"M_m01297c",0
"M_m00932c",0
"M_m00099m",0
"M_m02363c",0
"M_m01165m",0
"M_smv_c",0
"M_m01032c",0
"M_m01298c",74
"M_3dodtricoa_m",0
"M_m00800c",0
"M_m00933c",0
"M_m02362c",372
"M_m02495c",85
"M_dodecanac_c",75
"M_m01162c",0
"M_m01295c",0
"M_gluilelys_c",0
"M_m00930c",0
"M_trpvalasp_c",0
"M_m02494c",2314
"M_m02361c",1
"M_m00098c",0
"M_meracmp_c",0
"M_m01296c",4119
"M_m00097s",1
"M_m00931c",0
"M_CE2616_c",0
"M_m02360c",37682
"M_m01160c",12
"M_trpgluleu_c",0
"M_m02719c",358
"M_glylysphe_c",0
"M_m00095c",0
"M_m02492c",4030
"M_lstnm5_c",0
"M_m01294c",0
"M_m01161c",195
"M_m02718c",1059
"M_m02491c",0
"M_m00096c",0
"M_m01291c",63
"M_m02717c",0
"M_c12dc_c",0
"M_m00093c",0
"M_m01292c",634
"M_m00094c",371
"M_C04308_m",0
"M_m02715c",0
"M_m00090p",0
"M_m01649c",0
"M_m01290c",60777
"M_m03079c",0
"M_m00092c",0
"M_and19one_c",0
"M_tyrcysgly_c",0
"M_m01648c",784
"M_m02846c",83
"M_m03078c",0
"M_m02979c",0
"M_m01514c",3
"M_m02845c",239
"M_m03077c",0
"M_m00317c",0
"M_m02978c",2274
"M_m01646c",36
"M_m02844c",65
"M_m01513c",22356
"M_m03076c",0
"M_am1ccs_c",0
"M_m01779r",0
"M_m00314c",1
"M_m01778c",215
"M_m02843c",124
"M_m01645c",492
"M_m01512c",345
"M_m03075c",0
"M_c81crn_c",1
"M_m00578m",0
"M_m02842c",9912
"M_m01644c",301
"M_m03074c",0
"M_ileasnhis_c",0
"M_m00445c",0
"M_m02841c",3296
"M_CE5122_c",13
"M_m01643c",16
"M_m03073c",0
"M_m00579c",13
"M_m02974c",0
"M_m01642c",550
"M_m03072c",0
"M_m00576c",974
"M_m02973c",0
"M_m00310c",0
"M_am4ncs_c",0
"M_m01774c",0
"M_m01641c",558
"M_m03071c",0
"M_m00311c",0
"M_m00577c",0
"M_m02972c",0
"M_aspglu_c",0
"M_m03070c",0
"M_m01773c",9
"M_m00441c",0
"M_m02971c",10
"M_m00574c",0
"M_m01772c",0
"M_3hpvstetcoa_c",0
"M_5cysgly34dhphe_s",0
"M_m00575c",0
"M_m00442c",0
"M_m02970c",0
"M_proargcys_c",0
"M_m01771c",185
"M_m00572c",1
"M_lystrparg_c",0
"M_m01770c",0
"M_m00440c",0
"M_m00573c",79
"M_m01029c",0
"M_lysvalphe_c",0
"M_m00571c",0
"M_m02359c",197
"M_m00929c",0
"M_m01027c",156
"M_m02358c",0
"M_xolest182_hs_c",0
"M_valtrpval_c",0
"M_m01025c",0
"M_m00926c",2
"M_m01158c",89
"M_glz_c",0
"M_m02356c",54
"M_m02489c",105
"M_ileglyarg_c",0
"M_m00928c",0
"M_gluasnleu_c",0
"M_m00927c",0
"M_m01159c",5210
"M_m01026c",30
"M_m02355c",0
"M_m02488c",602
"M_m00924c",0
"M_m01289c",0
"M_m01023c",0
"M_m01156c",0
"M_m02354c",16690
"M_m01157p",3
"M_m01024c",0
"M_hismetgln_c",0
"M_m00925c",5
"M_m01287c",3
"M_m01154c",24
"M_m00922c",21
"M_alahisala_c",0
"M_cysglnmet_c",0
"M_m01155c",38
"M_m01022c",0
"M_m01288c",3199
"M_m00923c",51
"M_m01285c",24491
"M_C01264_c",0
"M_m00920c",14
"M_m02351c",0
"M_thyochol_c",1
"M_ethmalac_c",0
"M_m01286c",138
"M_hepcoa_m",0
"M_m00088m",0
"M_m02350c",288
"M_m01283c",264
"M_m01150c",0
"M_c101crn_c",1
"M_3ohsebac_c",0
"M_asplyshis_c",0
"M_m01151c",0
"M_m01284c",0
"M_m02481c",0
"M_tetdece1crn_c",0
"M_m01281c",0
"M_thsacmp_c",0
"M_m02480c",0
"M_m01282c",221
"M_m02839c",34
"M_mhglz_c",0
"M_m00084m",0
"M_3octdectecoa_m",0
"M_m01507l",0
"M_m02838c",0
"M_adpoh_c",0
"M_m01639c",169
"M_m01280c",43903
"M_m01506l",0
"M_m00309c",150
"M_m03069c",0
"M_m01638c",22250
"M_m02836c",68
"M_m01505l",0
"M_m02969c",79421
"M_m03068c",0
"M_am9csa_c",0
"M_phephethr_c",0
"M_m01637c",10
"M_m01504c",32
"M_m02702c",0
"M_m02835c",58
"M_m03067c",0
"M_4hatvlac_c",0
"M_m00307c",1136
"M_m02968c",69365
"M_m01769c",0
"M_m01636c",25
"M_m02701c",0
"M_m02834c",23979
"M_m03066c",0
"M_m01503l",359
"M_m00304c",0
"M_m02967c",70
"M_m00437c",0
"M_m02700c",0
"M_m01635c",0
"M_m02833c",22394
"M_m03065c",0
"M_m01502l",0
"M_m00305c",21
"M_m01767c",224
"M_m02832c",2363
"M_m01634c",0
"M_m03064c",0
"M_m01501l",0
"M_m00568c",0
"M_m00302c",0
"M_m02965c",235
"M_m01633c",0
"M_m03063c",0
"M_doco13ecoa_c",0
"M_m01500l",0
"M_m00569c",1397
"M_m01766r",46
"M_m02964c",511
"M_m01632c",14776
"M_m03062c",0
"M_m00300c",0
"M_m02963c",4386
"M_m00566c",0
"M_argcysgly_c",0
"M_m03061c",0
"M_progly_c",82
"M_m01631m",0
"M_m00434c",0
"M_m00567c",0
"M_m00301c",0
"M_m02962c",796
"M_lysgluglu_c",0
"M_aspglupro_c",0
"M_m01630c",5044
"M_m03060c",0
"M_m00564c",8
"M_m02961c",11519
"M_m00431c",0
"M_m02960g",0
"M_m00565c",0
"M_m00432c",0
"M_m00698c",0
"M_tyrcysthr_c",0
"M_c6crn_c",17
"M_m00562m",0
"M_sbcoa_c",0
"M_asnpheasp_c",0
"M_m01761c",89
"M_ileglnglu_c",0
"M_m01760c",111
"M_galacglcgalacglcgal14acglcgalgluside_hs_g",0
"M_m00696c",0
"M_m00430c",0
"M_m00563c",0
"M_m00560c",0
"M_6csmv_c",0
"M_m00561c",7
"M_m02349c",564
"M_m00919c",0
"M_xolest226_hs_c",0
"M_pvs_c",0
"M_m02348c",0
"M_m01018c",0
"M_3bcrn_c",0
"M_m02347c",0
"M_m01015m",0
"M_m00917c",0
"M_hexdectecoa_m",0
"M_argalaphe_c",0
"M_m00916c",2147
"M_lstn_c",0
"M_m00690c",0
"M_m02346c",0
"M_m02479c",1827
"M_m00918c",241
"M_glyhisasn_c",0
"M_m01016c",150
"M_m02345c",12
"M_m02478c",5
"M_m01013c",854
"M_m00914c",29
"M_m01279c",25839
"M_6ohfvs_c",0
"M_ptvstm3_c",0
"M_m02344c",1520
"M_m02477c",97
"M_m01014c",0
"M_m02476c",1
"M_pheleuasp_c",0
"M_m02343c",480
"M_m01011c",0
"M_m00912c",0
"M_aspasnglu_c",0
"M_m02342c",0
"M_m02475c",2732
"M_m00913c",1
"M_m01278c",0
"M_m01012c",9
"M_m01142r",0
"M_m00077p",0
"M_m02341c",0
"M_m01010c",0
"M_m01143c",0
"M_m00078p",0
"M_m02340c",0
"M_m02473c",1272
"M_hisglnala_c",0
"M_m01140c",0
"M_docosdiac_c",3
"M_m00075c",4815
"M_glyleu_c",72
"M_m01141c",0
"M_m02471c",26868
"M_trpglutyr_c",0
"M_lstnm7_c",0
"M_atvacylgluc_r",0
"M_crvsm31_c",0
"M_m01629c",6150
"M_c12dccoa_c",0
"M_2hatvacidgluc_c",0
"M_m03059c",0
"M_lyscyshis_c",0
"M_hexdiac_c",26
"M_m01628c",67730
"M_m02826c",0
"M_m02959c",0
"M_m03058c",0
"M_3hadicoa_p",0
"M_m00429m",0
"M_m01627c",3519
"M_m02825c",0
"M_trpglngln_c",0
"M_m02958c",0
"M_glyphe_c",0
"M_m01626c",408
"M_m01759c",232
"M_m03056c",0
"M_m00427c",0
"M_m01758c",6516
"M_m01625c",0
"M_m02823c",136
"M_m03055c",0
"M_melanin_c",0
"M_m00428c",13
"M_m01757c",1
"M_m02822c",2109
"M_6hsmvacid_c",0
"M_m02955c",0
"M_m01756c",345
"M_m01623c",1024
"M_3tetd7ecoa_c",0
"M_3hglutcoa_m",0
"M_CE5120_m",0
"M_trpglugly_c",0
"M_m00426c",0
"M_m00559c",262
"M_m02954c",13
"M_trpthrtyr_c",0
"M_atvlac_c",0
"M_m02820c",118
"M_m00423p",0
"M_m01755c",300
"M_m03052c",27123
"M_m01622m",76
"M_m00689c",0
"M_m02953c",52
"M_m00556c",18
"M_leutrp_c",0
"M_m01754c",7
"M_m01621c",83388
"M_m03051c",20
"M_m00557c",170
"M_m02952c",51
"M_argleuphe_c",0
"M_m01620c",7411
"M_m01753c",763
"M_m03050c",1
"M_m00554c",0
"M_m02951c",35
"M_fucfuc12gal14acglcgalgluside_hs_c",0
"M_tyrglu_c",0
"M_m01752c",1440
"M_m00688c",0
"M_m00555c",0
"M_m02950c",0
"M_m01751c",21
"M_lysglnphe_c",0
"M_methsucc_c",0
"M_m00552c",0
"M_ttetddcoa_m",0
"M_m01750c",0
"M_proproarg_c",0
"M_m00553c",0
"M_tddedicoa_m",0
"M_m00550p",10
"M_m01882c",0
"M_m01009c",2
"M_m00683c",0
"M_tyrvalmet_c",0
"M_glc3meacp_c",0
"M_m00684c",46
"M_m00551c",0
"M_thexdd_c",0
"M_m01880c",0
"M_m00681c",0
"M_m02338c",287
"M_m01008c",3
"M_m02337c",3180
"M_m01005c",180
"M_m01138c",0
"M_m00906m",0
"M_m00680c",0
"M_trpargala_c",0
"M_m02336c",1242
"M_m01006c",16
"M_CE4837_c",0
"M_m02335c",0
"M_hisargcys_c",0
"M_m01003c",301
"M_m00904c",0
"M_m01136c",0
"M_m02468m",4
"M_m02334c",0
"M_m00905c",0
"M_m01137c",0
"M_m01004c",76
"M_metargleu_c",0
"M_m02599c",2
"M_m00902c",0
"M_m02333s",0
"M_m01001c",0
"M_m01134c",262
"M_3ohsebcoa_p",0
"M_m02466m",0
"M_m02332c",11575
"M_m01002c",26
"M_m00903c",0
"M_m01135c",0
"M_m02465m",77
"M_m02464c",85
"M_m01265m",20
"M_m01132c",0
"M_m01398c",0
"M_m00900c",347
"M_hexdpencoa_m",0
"M_m02596c",0
"M_glutar_c",806
"M_CE4824_r",0
"M_tddedi2coa_m",0
"M_m01133c",35
"M_m01000c",47
"M_m01399c",757
"M_m02463r",0
"M_m00901c",0
"M_m02330g",0
"M_m00065c",0
"M_15dmt_c",0
"M_2ddecdicoa_m",0
"M_m01263g",0
"M_m01130c",9
"M_trpalapro_c",0
"M_m01396c",24192
"M_m01131c",2
"M_m01397c",64
"M_m00066m",0
"M_m00199c",0
"M_m02594c",0
"M_m01261c",3145
"M_m01394c",184
"M_m02460c",22033
"M_m02593c",0
"M_m01262g",0
"M_m02819c",19804
"M_3hpvstet_c",0
"M_m02592c",0
"M_m00064c",0
"M_m00197c",0
"M_m00194c",0
"M_m01392c",432
"M_ei11ecoa_p",0
"M_m00195c",0
"M_m01619c",22415
"M_5eipenc_c",0
"M_m01260c",65058
"M_m01393c",3677
"M_m01618c",15
"M_m01390c",0
"M_docosahexcoa_m",0
"M_phepheasn_c",0
"M_asntyrthr_c",0
"M_m01391c",0
"M_gluthrlys_c",0
"M_m02948l",0
"M_m01749c",63
"M_m01616c",20616
"M_trpilelys_c",0
"M_m01615c",80929
"M_m01748c",0
"M_propropro_c",0
"M_m00418c",0
"M_m01747c",40
"M_m01614c",0
"M_m02945s",67816
"M_m02812c",5836
"M_m03044c",5076
"M_m00415c",0
"M_m00548c",0
"M_4ohmdz_c",0
"M_hexe3coa_m",0
"M_m01746c",0
"M_m02811c",9
"M_m03043c",1189
"M_m00416c",0
"M_m00549c",0
"M_m02944c",177
"M_m01745c",185
"M_m02810c",318
"M_m03042c",0
"M_pristcoa_c",0
"M_m00546c",0
"M_m02943c",9808
"M_m01744c",20
"M_m01611g",0
"M_m03041c",5436
"M_profvscoa_c",0
"M_m00547c",0
"M_m00414c",0
"M_m02942c",298
"M_m01743c",91
"M_CE2881_c",132
"M_m03040c",12794
"M_leualaarg_c",0
"M_m00677c",18
"M_m02941c",69
"M_m00544c",0
"M_m00678c",4
"M_m00412c",0
"M_m00545c",75
"M_m02940c",1
"M_m01741c",372
"M_m01874c",0
"M_m00675c",189
"M_m00542c",0
"M_3ivcrn_c",0
"M_m00543c",0
"M_m00410c",0
"M_m00676c",0
"M_mdz_c",0
"M_tyrasparg_c",0
"M_m00673c",60
"M_m00540c",0
"M_m_em_3gacpail_hs_r",0
"M_m00674c",7
"M_m00541c",0
"M_m02329c",39
"M_3ocddcoa_c",0
"M_m00671c",308
"M_CE5162_c",0
"M_hislysala_c",0
"M_thrhishis_c",0
"M_m02328c",0
"M_argarg_c",0
"M_m00672c",18
"M_dhglz_c",0
"M_tetdece1coa_c",0
"M_m02327m",0
"M_m02459c",0
"M_m02326s",54
"M_m00670c",67
"M_m02325c",0
"M_m01126c",108
"M_m01259c",0
"M_m02457c",70
"M_m01127c",3074
"M_m02456c",169
"M_m01124c",0
"M_2m3hbu_c",0
"M_m01257c",9
"M_3hibutcoa_m",0
"M_m00059m",11
"M_m02322c",589
"M_m02455c",586
"M_m01258c",0
"M_m01125c",0
"M_m02454c",31
"M_abt_D_c",0
"M_alaargcys_c",0
"M_4hatvacid_c",0
"M_m02587c",15721
"M_m00057c",0
"M_dopa4sf_c",0
"M_C06453_c",0
"M_m01122c",0
"M_m01255c",124
"M_m01388c",1147
"M_m02321m",0
"M_thrargtyr_c",0
"M_m02320c",0
"M_m02453c",9086
"M_m02586c",12434
"M_m00058c",0
"M_m01256c",16376
"M_m01123c",0
"M_m01389c",10
"M_m02585c",51
"M_m02452c",527
"M_thrglnglu_c",0
"M_m01120c",0
"M_m01253c",1370
"M_m00188c",0
"M_c81coa_c",0
"M_m02584c",0
"M_m01121m",0
"M_m01254c",0
"M_m00189c",0
"M_m02451c",86
"M_m01251c",393
"M_m01384c",574
"M_m00053m",0
"M_m02450c",4633
"M_m02583c",15084
"M_m01252c",38826
"M_m01385c",0
"M_hismet_c",0
"M_argprothr_c",0
"M_m02582c",166
"M_m00184c",0
"M_valserarg_c",0
"M_m01382c",0
"M_m02808c",0
"M_m02809c",0
"M_m02581c",365
"M_m00051c",0
"M_m01609g",0
"M_trpleuval_c",0
"M_m01250c",13
"M_m01383c",3325
"M_m02807c",10
"M_m03039c",5712
"M_m02580c",0
"M_m00052c",0
"M_m01608g",0
"M_m01380c",4361
"M_m00182m",0
"M_m02806c",643
"M_leuasplys_c",0
"M_m00409c",2496
"M_m02939c",120
"M_23dh1i56dio_c",0
"M_dopa3glcur_c",0
"M_4glu56dihdind_c",0
"M_m01607g",0
"M_m00183m",0
"M_m02805c",753
"M_m02938c",3092
"M_m03037c",10757
"M_sulpacmp_c",0
"M_m00050c",0
"M_cysglutrp_c",0
"M_m01606c",36
"M_m01739c",132
"M_m02937s",0
"M_m00180c",68
"M_m02804c",251
"M_3octdece1coa_c",0
"M_m01738c",55
"M_m03168m",0
"M_m01605c",0
"M_m02936s",0
"M_m00181c",3
"M_2octdectecoa_m",0
"M_m02803c",2103
"M_m00408c",640
"M_m03035c",0
"M_m01604c",109
"M_m01737c",45
"M_m00405c",0
"M_c8dc_c",0
"M_m03167c",0
"M_m00538c",989
"M_m02934m",0
"M_m01736c",98422
"M_m01603c",78
"M_m03166c",0
"M_m00539c",0
"M_m00406c",1
"M_m02800c",0
"M_m03165c",42
"M_oxy7rb_c",1
"M_m00536c",258
"M_fvstet_c",0
"M_m00403c",2
"M_m00669c",114
"M_m02933c",2302
"M_crvs_c",0
"M_m01734c",0
"M_asphiscys_c",0
"M_m01601c",32460
"M_m03164c",266
"M_m00404c",0
"M_m02932c",88
"M_m00667m",0
"M_m01866c",0
"M_m01733c",145
"M_m03163c",12
"M_m02931c",0
"M_m00534c",0
"M_m02098c",0
"M_m01998c",1717
"M_m01732c",28
"M_m03162c",132
"M_m00668c",629
"M_m00535c",186
"M_m00402c",31
"M_m02930c",3304
"M_m02097c",0
"M_m00798p",0
"M_m01864c",0
"M_m01997c",442
"M_m01731c",0
"M_tsacmsul_c",0
"M_m03161c",0
"M_m00532c",0
"M_m00665c",125
"M_m02096c",87
"M_m00666m",1
"M_m03160l",0
"M_m01730c",0
"M_m01863c",11
"M_m00799c",0
"M_m00400c",219
"M_m00533c",0
"M_CE2882_c",0
"M_m00663m",0
"M_m01862c",756
"M_hxa_c",0
"M_m00530c",20
"M_sucaceto_c",0
"M_m00664c",10
"M_m00531c",4030
"M_trptyrgln_c",0
"M_desfvs_c",0
"M_hislysthr_c",0
"M_m02319c",94
"M_dectricoa_m",0
"M_m00661c",38
"M_m00662m",3
"M_m02318c",21
"M_c5dc_c",23
"M_5ohfvs_c",0
"M_m01118c",0
"M_m02317s",0
"M_m02449c",106
"M_m01119m",0
"M_m00660c",73
"M_m00793c",2
"M_m02448c",4
"M_thrmetarg_c",0
"M_m01249c",12671
"M_m01116c",462
"M_m02447c",81
"M_hisglylys_c",0
"M_thrserarg_c",0
"M_m02314s",0
"M_valprotrp_c",0
"M_m02446c",0
"M_m01247c",186
"M_m01114c",0
"M_hexgly_c",0
"M_m02445c",0
"M_valleuphe_c",0
"M_tiggly_c",0
"M_asnphecys_c",0
"M_m01115c",1026
"M_am1c9cs_c",0
"M_m01248c",0
"M_leugly_c",0
"M_m02444c",1109
"M_m02577c",2101
"M_m01112c",60
"M_m01378c",0
"M_m02443c",0
"M_m02576c",0
"M_fvsgluc_r",0
"M_m01113c",135
"M_m01246c",0
"M_m01379c",1
"M_m02442c",0
"M_m02575c",16
"M_m01110c",142
"M_m01376c",0
"M_m00178c",0
"M_m02574c",144
"M_m02441c",31504
"M_m01244c",0
"M_m01377c",0
"M_m00179c",1
"M_m00043c",0
"M_argargmet_c",0
"M_m01241c",0
"M_m01374c",8790
"M_am19cs_c",0
"M_phelyspro_c",0
"M_atvlacgluc_r",0
"M_protrplys_c",0
"M_m01242c",0
"M_m01375c",51
"M_CE5161_c",0
"M_m00174c",0
"M_m01372c",523
"M_sebacid_c",168
"M_m00041c",0
"M_lnlcACP_c",0
"M_m00175m",0
"M_argcysser_c",0
"M_m01240c",0
"M_m01373c",204
"M_m03029c",0
"M_m02570c",0
"M_m00042c",0
"M_glyc2p_c",0
"M_m03028p",0
"M_m01370c",39648
"M_tyrargser_c",0
"M_m02929c",0
"M_m03027p",0
"M_csa_c",0
"M_m00173m",3
"M_m01371c",109321
"M_m02928c",82
"M_m01729c",12
"M_noncoa_m",0
"M_phephe_c",0
"M_phacgly_c",0
"M_glumet_c",0
"M_m02927c",794
"M_m03026c",621
"M_m01728c",0
"M_docohexcoa_m",0
"M_m00171m",0
"M_m02926c",7215
"M_m03158c",85
"M_m00528c",14
"M_m02925c",0
"M_adpac_c",420
"M_m01859c",0
"M_m03156g",0
"M_m00529c",90
"M_3h3mglt_c",0
"M_m02924c",5
"M_m01725c",1
"M_m01858g",0
"M_m03155c",3030
"M_m00659c",894
"M_m02923c",6866
"M_m00526c",63
"M_argvaltrp_c",0
"M_m03021m",0
"M_m01724c",0
"M_m03154c",38
"M_hexdtr_c",0
"M_m00527c",4
"M_m02922c",0
"M_m00657m",0
"M_m01723c",0
"M_m01989c",232
"M_m03020m",0
"M_m03153c",0
"M_iletrptyr_c",0
"M_m01856g",0
"M_m00524c",47
"M_m02921c",1
"M_dmhptcoa_m",0
"M_m01988c",751
"M_m01722c",0
"M_m03152c",5
"M_m01855g",0
"M_asnasnarg_c",0
"M_m00525c",4
"M_m02920c",0
"M_m00658m",0
"M_napqi_r",0
"M_m01987c",265
"M_m00655p",4
"M_m01721c",0
"M_m01854g",0
"M_m03151c",360
"M_csasulp_c",0
"M_m00788c",56
"M_m00522c",337
"M_pheleu_c",0
"M_m01986c",47716
"M_m01720c",0
"M_m03150c",62
"M_m00656c",0
"M_m00789c",0
"M_m00523c",25
"M_m00653c",561
"M_m00786c",0
"M_tmuncoa_p",0
"M_m01984c",2877
"M_gm1_hs_c",0
"M_2dp6mobq_m",0
"M_m00521c",0
"M_m00654c",48
"M_m00787c",0
"M_m01983c",43395
"M_m01850c",0
"M_m00784c",0
"M_m00651c",0
"M_m00785m",0
"M_m01982c",5
"M_m00652c",0
"M_glutacoa_m",0
"M_m00782m",0
"M_m01981c",1138
"M_proglnpro_c",0
"M_m01108c",0
"M_m02439c",27
"M_m00650c",264
"M_m02438c",0
"M_m01106c",3
"M_m01239c",0
"M_m02437c",0
"M_m01107c",4339
"M_leuleutrp_c",0
"M_m02436c",0
"M_glytyrlys_c",0
"M_m02569c",0
"M_m01104c",45
"M_tyrleuarg_c",0
"M_m01237c",0
"M_m00039m",0
"M_alaglylys_c",0
"M_m02435c",0
"M_m01238c",0
"M_argalathr_c",0
"M_m01105c",13
"M_m01102c",16
"M_m01368c",42188
"M_m00037p",0
"M_m02699c",0
"M_m00038c",0
"M_m01103c",9274
"M_m01369c",10445
"M_m02433r",0
"M_m02565c",298
"M_m00035c",823
"M_m01499l",83
"M_m01100c",0
"M_m01233c",68
"M_m01366c",187
"M_m00168c",47
"M_m02564c",67
"M_am1a4ncs_c",0
"M_m01234c",0
"M_m00036m",0
"M_m00169c",161
"M_m02563c",0
"M_m00033c",0
"M_m02696c",2904
"M_m00166m",138
"M_m01231c",873
"M_m01364c",61
"M_m02430r",0
"M_m00299c",0
"M_m02562c",0
"M_m00034c",0
"M_m01498l",0
"M_m01232c",0
"M_m01365c",60836
"M_m00167c",2142
"M_m02694c",5
"M_m01495l",0
"M_m01362c",18706
"M_glntrpglu_c",0
"M_m00297c",0
"M_m00031c",0
"M_m00164c",34
"M_m00032c",15
"M_hexde7coa_p",0
"M_m01230c",2363
"M_m01363c",0
"M_argarglys_c",0
"M_m00298c",0
"M_m00165c",23
"M_m00295c",1000
"M_m00162c",0
"M_glnhislys_c",0
"M_m01360c",156
"M_1331tacr_c",0
"M_hhxdcal_c",0
"M_phethrlys_c",0
"M_3hsmv_c",0
"M_m02692c",0
"M_m00163c",6
"M_pecgoncoa_r",0
"M_3mglutr_c",0
"M_proargasp_c",0
"M_m01361c",38
"M_m02919c",2
"M_m02918c",0
"M_CE5160_c",0
"M_m02691c",0
"M_m00296c",0
"M_m01719c",0
"M_m00293c",32
"M_m00160c",0
"M_m01491l",0
"M_m02917c",9
"M_m03149c",176
"M_valhisasn_c",0
"M_m02690c",134
"M_m01718c",6549
"M_m00294c",7637
"M_m00161c",0
"M_m01492l",0
"M_protrpthr_c",0
"M_m03148c",5981
"M_m03015c",0
"M_rsvgluc_r",0
"M_m01717c",1
"M_m00291c",23911
"M_glypro_c",95
"M_deoxfvs_c",0
"M_m01490l",0
"M_m01716c",42660
"M_m00292c",0
"M_allop_c",0
"M_m02914c",596
"M_m03013c",0
"M_m01715c",0
"M_m03012c",0
"M_1513tacr_c",0
"M_m00649c",408
"M_m02913c",137
"M_m00516c",0
"M_phetyrgln_c",0
"M_m01714c",22
"M_m00290c",2344
"M_m02912c",887
"M_leusertrp_c",0
"M_thrphearg_c",0
"M_m00514c",0
"M_m00647c",0
"M_m02911c",41
"M_trpaspasp_c",0
"M_m01845c",570
"M_m01978c",0
"M_m03142c",2
"M_m00648c",157
"M_m00515c",0
"M_m02910c",9
"M_m01977c",39
"M_glutrpala_c",0
"M_m00645c",0
"M_m00512c",0
"M_m01843c",675
"M_m01976m",8
"M_m00646c",9
"M_m00513c",0
"M_2hatvlac_c",0
"M_m01842c",697
"M_m01975c",24015
"M_m00510c",0
"M_m00643c",0
"M_m00776c",0
"M_m01841c",883
"M_m01974c",67867
"M_m00777c",0
"M_m00511c",0
"M_trpiletrp_c",0
"M_m01973c",3677
"M_m01840c",8542
"M_m00641c",0
"M_m00774c",0
"M_ndersv_c",0
"M_m01972c",0
"M_3octdeccrn_c",0
"M_m00642c",0
"M_m00775c",433
"M_am1alcs_c",0
"M_cvm23gluc_r",0
"M_m00772c",0
"M_6hmsmvacid_c",0
"M_argphearg_c",0
"M_m00640c",53
"M_m00770m",0
"M_m02428c",0
"M_m01229c",0
"M_pheasp_c",0
"M_m02427c",0
"M_m00771c",62
"M_m02426c",51143
"M_m02559c",82
"M_m01227m",0
"M_serargtrp_c",0
"M_m02425c",0
"M_cysaspphe_c",0
"M_m01228m",0
"M_decdicoa_c",4
"M_CE2885_c",0
"M_2dodtricoa_m",0
"M_m02424c",6
"M_m02557c",104
"M_m01225m",0
"M_valval_c",0
"M_m01358c",0
"M_hmcr_c",0
"M_m02556c",4650
"M_m02423c",0
"M_m00028c",1
"M_m02689c",0
"M_m01226m",0
"M_m02422c",0
"M_proasncys_c",0
"M_m00025c",0
"M_m02688c",0
"M_m02555c",35897
"M_m01356c",0
"M_m00158c",0
"M_m02421c",0
"M_m02554c",21060
"M_m01357c",0
"M_m00159c",0
"M_m00023c",0
"M_m02686c",0
"M_m02420c",0
"M_m02553c",28408
"M_m00289m",0
"M_CE4792_m",0
"M_m01487l",0
"M_leuleu_c",68
"M_octeACP_c",0
"M_atvacid_c",0
"M_m00156c",0
"M_m02552c",28398
"M_m00024c",0
"M_m02685c",0
"M_m01488l",0
"M_trpglyphe_c",0
"M_m00157c",3
"M_m00021c",0
"M_m02684c",0
"M_alaarggly_c",0
"M_m00287m",0
"M_pheleuhis_c",0
"M_m00154r",0
"M_hishislys_c",0
"M_4hmdgluc_c",0
"M_m00022c",0
"M_m02683c",0
"M_m00288m",0
"M_3hadpac_c",0
"M_2m3hvac_c",0
"M_m01220c",1
"M_6bhglz_c",0
"M_m00155c",0
"M_m02682c",503
"M_m00285c",62
"M_m00286m",0
"M_m02681c",171
"M_m00283c",0
"M_m02908c",0
"M_m02907c",0
"M_m02680c",548
"M_m00284c",80
"M_m01708c",316
"M_3ivcoa_c",0
"M_m03138c",0
"M_m02906g",0
"M_CE5119_m",0
"M_glumethis_c",0
"M_m01709c",9
"M_m01707c",856
"M_m00508c",0
"M_m03137c",0
"M_2hiv_c",0
"M_m01839c",52
"M_m01706c",521
"M_m00509c",0
"M_m02904c",0
"M_m03003c",0
"M_m03136c",43
"M_m01705c",67
"M_m00639c",37
"M_m00506c",0
"M_m03135c",18710
"M_m03002c",0
"M_m01837c",4
"M_m00280c",0
"M_m01704c",71
"M_m00507c",0
"M_prolyspro_c",0
"M_m03134c",530
"M_m01836c",12
"M_m03000g",0
"M_m00637c",0
"M_m02901c",0
"M_m00504c",0
"M_m01835c",4
"M_m01968c",910
"M_m01702c",365
"M_13dmt_c",0
"M_glnproglu_c",0
"M_m00638c",2
"M_m00505c",0
"M_smvacid_c",0
"M_m02199c",0
"M_m01701c",448
"M_m01834c",0
"M_m01967c",478
"M_m00635c",1145
"M_m00502c",0
"M_m00768c",0
"M_m01966c",147
"M_m01700c",206
"M_m03130c",2386
"M_m00503c",0
"M_m00636c",0
"M_m00769c",44
"M_m01965c",278277
"M_m01832c",0
"M_m00766c",38
"M_m00633c",0
"M_m02197c",0
"M_m00767m",0
"M_m00634c",0
"M_m01830c",35332
"M_m01963c",263
"M_m00631c",121
"M_m02195c",0
"M_m00765m",0
"M_fvs_c",0
"M_m01962c",9966
"M_eitetcoa_m",0
"M_m00632c",145
"M_m00895m",2
"M_m01961c",26
"M_m02192m",0
"M_3mglutac_c",0
"M_m02193c",399
"M_m00762g",0
"M_6csmvacid_c",0
"M_m00630m",1
"M_m02419c",0
"M_m01960c",0
"M_dec47dicoa_m",0
"M_xolest205_hs_c",0
"M_m00893m",0
"M_m02418c",710
"M_xolest183_hs_c",0
"M_m01219c",0
"M_m02191c",378
"M_m00760c",68
"M_trphismet_c",0
"M_lyspheile_c",0
"M_phetyr_c",0
"M_m02190c",32
"M_m00894c",0
"M_m00761c",6
"M_m02549c",403
"M_m02416c",0
"M_asntyrphe_c",0
"M_m01217c",37
"M_m00891c",0
"M_m00892m",0
"M_m02415c",0
"M_m02548c",0
"M_sucacetat_c",0
"M_m01218c",1
"M_m02547c",43
"M_m00017c",0
"M_alalysthr_c",0
"M_m01215c",0
"M_m01348c",0
"M_m02679c",761
"M_m02546c",61
"M_m02413c",265
"M_m00018c",0
"M_m01216c",578
"M_m00890c",2
"M_m02412c",0
"M_m02678c",761
"M_c16dc_c",0
"M_m01213c",0
"M_crvsm1_c",0
"M_m02411c",400
"M_m02677c",0
"M_m02544c",0
"M_m00016c",0
"M_m02543c",6444
"M_m00013c",10
"M_m02676c",400
"M_CE2886_c",0
"M_3ttetddcoa_c",0
"M_glutcon_c",0
"M_m00279c",253
"M_m02675c",433
"M_m02542c",0
"M_3hodcoa_c",0
"M_valphearg_c",0
"M_m02541c",92
"M_m02674c",9561
"M_m01475l",0
"M_m01342c",1062
"M_m00277c",0
"M_m02540c",74
"M_m00012c",0
"M_m01476l",0
"M_CE5118_m",0
"M_C02528_c",3440
"M_m01340c",25
"M_mvlac_c",0
"M_arglysasp_c",0
"M_valarggly_c",0
"M_m00010c",10
"M_aspprolys_c",0
"M_m01341c",7179
"M_m00276c",0
"M_m02671c",17
"M_methislys_c",0
"M_m03129c",4664
"M_ivcrn_c",28
"M_m02670c",460
"M_m00141c",0
"M_m03128c",175
"M_7bhglz_c",0
"M_m00274c",0
"M_m00271c",0
"M_m03127c",0
"M_m01829g",0
"M_m03126c",31
"M_m01828c",2881
"M_lysvaltrp_c",0
"M_7ohocata_c",0
"M_m00629c",0
"M_m03125c",57
"M_ddeccrn_c",12
"M_m00270c",611
"M_profvs_c",0
"M_tdeACP_c",0
"M_m03124c",459
"M_m01959c",0
"M_m00627c",0
"M_m03123c",14549
"M_c51crn_c",3
"M_m01958c",0
"M_m03122c",3
"M_m00628c",0
"M_m02189c",31
"M_simvgluc_r",0
"M_m00625c",0
"M_m00758c",0
"M_hpdececoa_m",0
"M_m02188c",5
"M_m03120c",25637
"M_m00759c",0
"M_m00626c",0
"M_3hpvs_c",0
"M_zym_int2_r",0
"M_m00623c",313
"M_m00756c",0
"M_m02187c",944
"M_m02185s",335
"M_gluargleu_c",0
"M_m00624c",0
"M_m02186c",0
"M_pheglnphe_c",0
"M_m00754p",0
"M_m01820c",0
"M_m01953c",82
"M_crvsm24_c",0
"M_asnmetpro_c",0
"M_m01952c",29
"M_m00755c",0
"M_fvstetglu_c",0
"M_dca3g_c",0
"M_m02184c",9198
"M_m01951c",349
"M_tyrala_c",0
"M_m02183c",2394
"M_m00752c",0
"M_1531tacr_c",0
"M_m00753m",0
"M_m01950c",216
"M_m02409c",1
"M_m02182c",29
"M_m02408c",0
"M_m02180m",25
"M_3ohsubac_c",0
"M_m00883c",0
"M_m01209c",103
"M_m02181c",12
"M_m00750c",1
"M_m02407c",963
"M_m00751c",0
"M_m00884c",0
"M_m00009c",0
"M_c6dc_c",0
"M_m02406c",1
"M_m02539c",17
"M_m01207c",0
"M_m00881c",0
"M_m00882m",3
"M_m02405c",0
"M_sertrphis_c",0
"M_m01208c",0
"M_CE2883_c",241
"M_3hivac_c",0
"M_m02404c",0
"M_m01338c",2348
"M_m02403c",42369
"M_m02536c",167
"M_m00008c",0
"M_arggluglu_c",0
"M_argalaala_c",0
"M_m01339c",47
"M_m00880c",0
"M_m00005c",0
"M_m02402c",1239
"M_3tdcrn_c",0
"M_m01203c",0
"M_m01336c",477
"M_m02534c",18016
"M_m02401c",0
"M_m01337c",25
"M_phelysala_c",0
"M_m00003c",0
"M_m02799c",0
"M_m01334c",21768
"M_m00269c",0
"M_m02533m",0
"M_3docopencoa_m",0
"M_dgcholcoa_p",0
"M_m02532c",4629
"M_3hexdtetcoa_m",0
"M_m01468l",0
"M_m01202c",0
"M_m01335c",2347
"M_acmpglut_c",20
"M_m02531c",12
"M_m02797c",0
"M_m01465l",0
"M_m01599c",0
"M_m01332c",54
"M_am4n9cs_c",0
"M_m00267c",0
"M_m00134c",0
"M_m02530c",0
"M_m02796c",288
"M_m01466l",0
"M_m01333c",0
"M_m01598m",20851
"M_m00268c",0
"M_m00135c",0
"M_lysargleu_c",0
"M_m02662c",9
"M_m02795c",12648
"M_m01597c",5338
"M_m01330c",111
"M_c3dc_c",0
"M_4hexdtricoa_m",0
"M_m00265c",0
"M_m00132c",6
"M_m02661c",5476
"M_m02794c",420
"M_tripvs_c",0
"M_6hsmv_c",0
"M_trpsertyr_c",0
"M_m01331c",0
"M_m00399c",35
"M_m00266c",0
"M_m00133c",0
"M_m00130c",0
"M_m02793c",0
"M_thrilearg_c",0
"M_m01461l",0
"M_m03119c",0
"M_m02660c",69
"M_m00396c",0
"M_m01462l",0
"M_5ohfvsglu_c",0
"M_m01594c",0
"M_m03118c",13489
"M_CE5117_m",0
"M_m00264c",0
"M_m00131c",0
"M_m02792c",53
"M_m00394c",0
"M_CE4790_m",0
"M_m01593c",5
"M_m03117c",146
"M_m00262c",0
"M_trpprogly_c",0
"M_trpglyval_c",0
"M_m01592c",379
"M_m03116c",0
"M_m02790c",8
"M_m00392c",0
"M_trpmetval_c",0
"M_m01591c",0
"M_m00619c",957
"M_m00393c",0
"M_m02049c",17822
"M_15kprostgf2_c",0
"M_ileasp_c",0
"M_m01590c",812
"M_m03114c",1469
"M_6msmv_r",0
"M_cysacmp_c",0
"M_m01949c",8
"M_m00390c",0
"M_3hdececrn_c",0
"M_m00617p",0
"M_m01948c",4406
"M_m03112c",103
"M_m00618m",0
"M_m01947c",0
"M_m02179c",0
"M_hisprolys_c",0
"M_m03111c",673
"M_lst4exp_c",0
"M_m00748m",0
"M_m02178c",0
"M_m02045c",437
"M_m01946c",0
"M_m03110c",163
"M_m00616c",0
"M_5ohhexa_c",0
"M_m00749m",0
"M_leuval_c",0
"M_m02177c",0
"M_m00746m",0
"M_ptvstgluc_r",0
"M_trpthrile_c",0
"M_m00614c",0
"M_m02176c",0
"M_m01943c",0
"M_3thexddcoa_c",0
"M_m00611c",4
"M_m00612c",6
"M_m00745c",7792
"M_m00878c",0
"M_3octdec2crn_c",0
"M_m01941c",0
"M_C03968_c",0
"M_2hexdtricoa_m",0
"M_m02173c",165
"M_m01940c",23
"M_dmnoncoa_c",0
"M_m02172c",6
"M_m00610c",221
"M_ggdp_c",621
"M_phyt_c",427
"M_m00740c",0
"M_m02171c",10549
"M_rsv_c",0
"M_m00741c",0
"M_m02170c",4530
"M_metglyarg_c",0
"M_m02529c",27
"M_hiscyscys_c",0
"M_m02528c",33
"M_m00872c",0
"M_m02527c",5218
"M_m01328c",0
"M_m02659c",3504
"M_m02526c",5
"M_tsacmgluc_c",0
"M_hisphearg_c",0
"M_m02525c",1619
"M_m02658c",6468
"M_m00128c",83
"M_m02657c",343
"M_m02524c",338
"M_m01327c",31538
"M_CE2884_c",0
"M_m02523c",0
"M_3mtp_c",0
"M_m02789c",11444
"M_m00126c",0
"M_m02655c",37
"M_m02522c",0
"M_m02788c",312
"M_3octpencoa_m",0
"M_vanilpyr_c",0
"M_m01458l",0
"M_m01325c",0
"M_slfcys_c",89
"M_ptvst_c",0
"M_m02521c",1
"M_m02654c",26
"M_m02787c",79
"M_m01589c",0
"M_m01322c",165
"M_m00124c",0
"M_m02520c",25
"M_m02786c",28313
"M_m01588c",5328
"M_m01456l",0
"M_m01323c",0
"M_m00258c",0
"M_m00125c",0
"M_m02785c",6946
"M_m01587c",26401
"M_m01320c",0
"M_34dhpe_c",0
"M_leutyrtyr_c",0
"M_m02784c",9
"M_m01454l",0
"M_m01586c",0
"M_m00123c",0
"M_m02783c",3409
"M_m01585c",62
"M_m01451c",0
"M_proleuarg_c",0
"M_m03109c",487
"M_m00253c",0
"M_m00120c",0
"M_m02782c",2
"M_m01584c",25
"M_m03108c",1312
"M_leutrparg_c",0
"M_m00121c",0
"M_m00251c",724
"M_m01583c",170
"M_m03107c",565
"M_m02781c",0
"M_acmpglu_c",163
"M_m01450c",429
"M_m03106c",1074
"M_m02780c",0
"M_m00382c",0
"M_m01581c",0
"M_m00250c",28
"M_m01580c",304
"M_adpcoa_c",0
"M_m01806c",680
"M_m00380c",0
"M_m01939c",338
"M_m02038c",8424
"M_m00607c",0
"M_m03103c",3195
"M_m02037c",20206
"M_m00381c",0
"M_m01805c",0
"M_tmacmp_c",0
"M_m00609c",44
"M_vanillac_c",0
"M_m00608c",13
"M_m03102c",477
"M_pecgon_r",0
"M_trpglyleu_c",0
"M_m02169c",3606
"M_m02036c",456
"M_m01804c",9
"M_m00605c",5
"M_m00738c",0
"M_m03101c",102389
"M_m02168c",52
"M_m01803c",76
"M_m03100c",4
"M_m00739c",899
"M_m00606m",187
"M_m02167c",1163
"M_m02034c",15316
"M_m01802c",4497
"M_m00603c",0
"M_m02166c",111
"M_m01934c",0
"M_m00604c",264
"M_m02033c",0
"M_argvalcys_c",0
"M_m01933c",0
"M_m01800c",1164
"M_glntyrleu_c",0
"M_m01099c",0
"M_m00734c",32
"M_m00867c",0
"M_asntyrgly_c",0
"M_aspglutrp_c",0
"M_m02165c",3
"M_m02032c",0
"M_m01932c",1226
"M_35dhpvs_c",0
"M_m00868m",0
"M_m01931c",0
"M_m01097c",0
"M_m00865c",0
"M_trpphe_c",0
"M_m00732c",0
"M_ethmalcoa_c",0
"M_m02163c",0
"M_m02030c",0
"M_m01930c",0
"M_m01098c",0
"M_m00999c",0
"M_m00733c",0
"M_m00866c",0
"M_m01095c",14
"M_tacr_c",0
"M_m02161c",300
"M_m00730c",931
"M_m00996c",0
"M_m01096m",0
"M_m00731c",0
"M_phetyrlys_c",0
"M_m01093c",2
"M_crglz_c",0
"M_acmp_c",22552
"M_m02518c",42
"M_m01094c",0
"M_m00995c",1213
"M_m01091c",0
"M_m02517c",175
"M_3ohsubcoa_p",0
"M_3hpvscoa_c",0
"M_ileargile_c",0
"M_m00992c",0
"M_m01318c",0
"M_m01092c",7
"M_m01319c",0
"M_m00993c",16
"M_prohis_c",0
"M_lyslyslys_c",0
"M_m02648c",0
"M_ocde9ecoa_p",0
"M_m00118c",0
"M_m01316c",0
"M_m01449c",10
"M_m00990c",2769
"M_m01090c",7
"M_m02514c",1
"M_m02647c",172
"M_m00119c",0
"M_m00991c",280
"M_m01317c",0
"M_trpproleu_c",0
"M_m02646c",7975
"M_m02513c",113
"M_arghisthr_c",0
"M_m02779c",28
"M_m01314c",1815
"M_glnhishis_c",0
"M_m01447c",4
"M_m02645c",0
"M_m02778c",26
"M_6bhglzglc_c",0
"M_m00117c",0
"M_m01315c",3763
"M_m01448c",1
"M_m02644c",88
"M_m02777c",158
"M_m01312c",69
"M_m01445c",2704
"M_m00247c",0
"M_m00114c",0
"M_m02643c",0
"M_m02776c",199
"M_m01578c",0
"M_m01313c",1046
"M_m01446c",0
"M_m00248c",336
"M_serargala_c",0
"M_m02642c",1772
"M_m02775c",0
"M_3hexdcrn_c",0
"M_m01443c",470
"M_m00245c",0
"M_m02641c",0
"M_m02774c",182
"M_c4dc_c",0
"M_m01311c",0
"M_m01444c",0
"M_m00379c",0
"M_m00246c",0
"M_m00113c",0
"M_m02640c",1
"M_m02773c",0
"M_metmetile_c",0
"M_m01441c",183
"M_m01575m",0
"M_m00243c",35
"M_m00376c",0
"M_m00110c",0
"M_m02772c",5031
"M_hisglu_c",0
"M_m00377c",0
"M_m00244c",0
"M_m00111c",0
"M_m02771c",2207
"M_aspmetasp_c",0
"M_m00241s",0
"M_cysgluhis_c",0
"M_m00374c",2
"M_metglntyr_c",0
"M_m01572c",0
"M_m01440c",3992
"M_leupro_c",0
"M_m00242c",0
"M_m02770c",20581
"M_m01571c",0
"M_tyrthr_c",0
"M_m00240c",0
"M_m02029c",0
"M_argglupro_c",0
"M_m02028c",0
"M_thrasntyr_c",0
"M_2docopencoa_m",0
"M_m00371c",0
"M_m01928c",0
"M_m02027c",3615
"M_m10005c",0
"M_m01929c",0
"M_m02026c",89123
"M_m01927c",921
"M_m10006c",0
"M_m02159c",3623
"M_2h3mv_c",0
"M_m00728c",111
"M_CN0011_c",0
"M_m10007c",0
"M_serlyshis_c",0
"M_glnlystrp_c",0
"M_m01926s",0
"M_m00729c",5864
"M_m02157c",358
"M_m02024c",0
"M_m00726c",14
"M_m00859c",0
"M_m01925s",0
"M_CN0010_c",0
"M_m02023c",0
"M_m01924c",0
"M_m00727c",71
"M_tridcoa_m",1
"M_m02155c",0
"M_m01923c",48
"M_m01089c",2
"M_m00724c",0
"M_m00857c",0
"M_tyrphetyr_c",0
"M_decdicrn_c",0
"M_m01922c",149
"M_m02020r",0
"M_m02154c",172
"M_m00725m",0
"M_m00858m",0
"M_ocdcaACP_c",0
"M_vallystyr_c",0
"M_m01087c",3
"M_m00988c",2965
"M_m00722c",0
"M_m00855c",0
"M_histrphis_c",0
"M_m02153c",0
"M_glnlyslys_c",0
"M_m00989c",18
"M_m01088c",7
"M_m00856c",0
"M_2decdicoa_m",0
"M_m02152c",21
"M_m00853p",0
"M_m10010c",3
"M_m01085c",0
"M_docohepcoa_m",0
"M_m00986c",198
"M_m00720c",78
"M_m02151c",42
"M_3ddecdicoa_m",0
"M_m10011c",0
"M_m01086c",0
"M_m00987c",0
"M_m00854c",0
"M_m01083c",0
"M_m00984c",0
"M_m01084c",0
"M_m00985c",0
"M_fvscoa_c",0
"M_m01081c",0
"M_m00982c",41
"M_octdececrn_c",0
"M_m02639c",0
"M_m01082c",0
"M_m02506c",0
"M_hisargser_c",0
"M_m01309c",28617
"M_m00983c",0
"M_m02505c",0
"M_m01439l",81
"M_m00108c",0
"M_m01306c",7141
"M_2hexdtetcoa_m",0
"M_m01080c",0
"M_m02504c",48
"M_m00109c",0
"M_m00981c",726
"M_m01307c",23147
"M_m02503c",121
"M_m02636c",0
"M_m02769c",75499
"M_m00239c",0
"M_m00106c",0
"M_m01304c",1256
"M_m01437c",0
"M_m02635c",1
"M_m02502c",0
"M_m02768c",0
"M_m00107c",0
"M_m01305c",25
"M_m01438c",0
"M_ptvstm13_c",0
"M_m02501c",45
"M_m02634c",1328
"M_m02767c",0
"M_m01302c",0
"M_m01435c",3440
"M_m00237c",0
"M_m00104c",6281
"M_m02633c",1422
"M_m02500c",0
"M_m02766c",141
"M_3amp_l",0
"M_tdec4ecoa_m",0
"M_m01303c",1119
"M_m00238c",0
"M_m00105c",0
"M_m02899m",0
"M_m02632c",0
"M_m02765c",0
"M_m02898c",0
"M_pvsgluc_c",0
"M_m01300c",0
"M_m01433c",21635
"M_lnlncacrn_c",0
"M_m00235c",0
"M_m00102c",0
"M_3ohglutac_c",0
"M_m02764c",21
"M_m02897c",97486
"M_hisglugln_c",0
"M_m01699c",0
"M_CE2313_c",0
"M_m01301c",0
"M_m01434c",0
"M_m00236c",0
"M_m00103c",0
"M_fucfucgalacglcgalgluside_hs_c",0
"M_m02763c",5018
"M_m02896c",56684
"M_m01698c",0
"M_m01431c",0
"M_cystyrasn_c",0
"M_m00366c",271
"M_m00499c",0
"M_m02762c",447
"M_m02895c",181
"M_6hddopaqn_c",0
"M_m01697c",0
"M_m01432c",144
"M_m00367c",16
"M_m00101c",0
"M_m02761c",0
"M_4ohbut_c",0
"M_m01696c",1413
"M_2m3ovcoa_m",0
"M_ddece1crn_c",0
"M_trpmetarg_c",0
"M_m00364c",0
"M_m00497c",0
"M_m00231c",0
"M_m02760c",0
"M_m02893c",0
"M_m01695c",0
"M_m01430c",0
"M_m00498c",0
"M_m00232c",0
"M_m00365c",7
"M_m02892c",0
"M_glnasngln_c",0
"M_dd5ecoa_m",0
"M_methsuccoa_c",0
"M_m01694c",0
"M_m00495c",0
"M_m02019c",0
"M_m01693c",44
"M_m00496c",0
"M_m00230c",221
"M_m02891c",1641
"M_m00493c",0
"M_pentcoa_m",0
"M_m01692c",14
"M_undcoa_m",0
"M_m02890c",181
"M_m02017c",0
"M_tetdec2crn_c",0
"M_aclys_c",0
"M_m01691c",0
"M_m01919c",0
"M_gluleu_c",0
"M_m00494c",0
"M_m00491c",0
"M_m02016c",7733
"M_m00719c",0
"M_m01690c",6372
"M_CN0012_c",0
"M_m00492c",0
"M_m02015c",0
"M_m01916c",0
"M_m02148c",308
"M_m10018c",1
"M_m00716c",0
"M_m01914c",0
"M_m10019c",0
"M_galgluside_hs_c",0
"M_am1cglc_c",0
"M_m00717p",0
"M_C01241_m",0
"M_m01079m",0
"M_m10024c",32
"M_m01913s",2
"M_m02278g",0
"M_m01912c",0
"M_m10025c",105
"M_3ddcrn_c",0
"M_m02011c",0
"M_m01911c",0
"M_m10026c",1
"M_m00978c",0
"M_m01077c",0
"M_am1c4n9cs_c",0
"M_m00845m",0
"M_m02010c",0
"M_m01910c",8855
"M_m10027c",0
"M_m01078c",33
"M_m00979c",0
"M_m02142c",618
"M_tetdecdicoa_m",0
"M_m10020c",0
"M_m00976c",0
"M_m02141l",21500
"M_m00844m",0
"M_m01076m",0
"M_m10021c",105
"M_m00977c",0
"M_trpglyasp_c",0
"M_trpglupro_c",0
"M_hislysile_c",0
"M_m10022c",115
"M_m00974c",0
"M_m01074c",6237
"M_m00975c",0
"M_m00842c",0
"M_2hatvacid_c",0
"M_m01071c",1
"M_m00972c",0
"M_m01072c",201
"M_m02629c",0
"M_m00840c",0
"M_m00973c",0
"M_5eipencoa_m",0
"M_urscholcoa_c",0
"M_2dpmhobq_m",0
"M_m02628c",0
"M_m00970c",41543
"M_m01429c",0
"M_thrthrarg_c",0
"M_m01070c",11
"M_m02627c",0
"M_3hsmvacid_c",0
"M_am1acs_c",0
"M_m00971c",8435
"M_m02626c",0
"M_lystyrile_c",0
"M_m00229c",0
"M_m01427c",0
"M_glygly_c",621
"M_lstnm1_c",0
"M_m02625c",0
"M_m02758c",0
"M_m01428c",107
"M_m02624c",0
"M_tetde5coa_p",0
"M_m00227c",0
"M_m01425c",902
"M_4bhglz_c",0
"M_m02623c",0
"M_m02756c",1201
"M_m02889c",1193
"M_c10dc_c",0
"M_glysar_c",284
"M_m00228c",376
"M_m01426c",0
"M_lstn1gluc_c",0
"M_m02622c",1397
"M_m02888c",2
"M_m01423c",1962
"M_m00225c",0
"M_m00358c",0
"M_6hmsmv_c",0
"M_m02621c",146
"M_ileserarg_c",0
"M_m01689c",8752
"M_12htacr_c",0
"M_m00359c",0
"M_m01424c",302
"M_m00226c",0
"M_m02620c",33
"M_3mhis_c",0
"M_m01688c",370
"M_m00223c",0
"M_m00356c",0
"M_m02752c",755
"M_m01422c",0
"M_m00357c",0
"M_m00224c",0
"M_phlac_c",0
"M_m02884c",54
"M_m01686c",217
"M_m00221c",0
"M_m00354c",0
"M_m02750c",0
"M_m02883c",20
"M_m01685c",86
"M_m00355c",0
"M_m00222c",0
"M_m02882c",0
"M_rsvlac_c",0
"M_m01684c",0
"M_m02881c",0
"M_m02009g",0
"M_m01683c",2823
"M_5cysdopa_c",0
"M_m00353c",68
"M_m00350c",3594
"M_m02008c",0
"M_CE2887_c",0
"M_m01682c",6532
"M_m02880c",1838
"M_m02007c",1986
"M_m01681c",1062
"M_m00351c",2
"M_m00484c",0
"M_m01909c",573
"M_m00481c",0
"M_m01907g",0
"M_trpproval_c",0
"M_m02006c",0
"M_m00709c",0
"M_m01680c",3
"M_cysasnmet_c",0
"M_glyvalhis_c",0
"M_m02139l",0
"M_m01906g",0
"M_m02138c",58
"M_m02005c",0
"M_trplys_c",0
"M_m02004c",0
"M_m01905c",0
"M_m02137c",6477
"M_phsph1p_c",0
"M_td2glutrcoa_m",0
"M_m00706m",0
"M_m01904c",0
"M_m02136c",1245
"M_m02003c",0
"M_m00480c",0
"M_tyrargglu_c",0
"M_m02135c",554
"M_m02002c",0
"M_m01069c",10389
"M_m02134c",371
"M_m00838c",0
"M_m00705m",0
"M_m02399c",0
"M_c10crn_c",27
"M_aspalaarg_c",0
"M_m02133c",18632
"M_mdzglc_c",0
"M_m10036c",0
"M_m01067c",0
"M_m00835c",0
"M_m00968c",0
"M_m02000c",35
"M_m02398c",4
"M_udprib_c",0
"M_m10037c",0
"M_m00836c",0
"M_m01068c",0
"M_m00969c",56
"M_thexddcoa_m",0
"M_m02132c",0
"M_m00703m",0
"M_m02397c",0
"M_m01065c",103
"M_m01198c",0
"M_m00700c",0
"M_phcrm_hs_c",0
"M_m02131c",379
"M_m01066c",2
"M_m00701c",0
"M_m02396c",138
"M_m02130c",0
"M_m00831m",0
"M_m10032c",32
"M_m02395c",775
"M_m01197c",0
"M_m01064c",82
"M_hexddcoa_m",0
"M_m00965c",3
"M_oxyp_c",0
"M_m02394c",4876
"M_sercysarg_c",0
"M_m01194c",0
"M_m02393c",496
"M_35dsmv_c",0
"M_eidi1114ac_c",13
"M_m02619c",0
"M_m10035c",0
"M_m00830c",175
"M_m01192c",0
"M_m02618c",5
"M_m02391c",25
"M_m01419c",71330
"M_5tedtricoa_m",0
"M_m02617c",94951
"M_m02390c",0
"M_m02616c",1
"M_m02749c",344
"M_crvsm23_c",0
"M_octe5coa_m",0
"M_m01417c",14300
"M_lstnm2_c",0
"M_phesertrp_c",0
"M_m01191c",0
"M_m02748c",0
"M_m10031c",0
"M_ocdececrn_c",1
"M_prophe_c",0
"M_m02614c",346
"M_m02747c",13
"M_ctdecdcoa_m",0
"M_3decdicoa_m",0
"M_m00217c",0
"M_m01415c",4035
"M_CE5169_c",0
"M_m02613c",35
"M_m02746c",427
"M_omhdocosac_c",2
"M_m00218c",0
"M_m01416c",0
"M_m02745c",0
"M_m00348c",0
"M_m00215c",0
"M_m02878m",0
"M_m01679c",0
"M_m02877c",1
"M_m00216c",0
"M_m00349c",31
"M_m01414c",1661
"M_m02610c",0
"M_m02876c",5
"M_m01411c",0
"M_m00479c",0
"M_hexdicoa_c",0
"M_m00213c",0
"M_m02875c",275
"M_gluglu_c",0
"M_m01412c",92
"M_m00214c",0
"M_m00347c",0
"M_m02741c",0
"M_m02874c",1
"M_m01676c",0
"M_serglyglu_c",0
"M_m00344c",0
"M_m00477c",0
"M_m00211c",0
"M_m02873c",55
"M_hexdtrcoa_m",0
"M_m01675c",503
"M_m01410c",7128
"M_ppiogly_c",0
"M_m00478c",0
"M_m00212c",0
"M_m00345c",0
"M_asncyscys_c",0
"M_m02872c",44
"M_m01674c",32
"M_pheproarg_c",0
"M_m02871c",2057
"M_m01673c",2385
"M_m00476c",0
"M_m00210c",0
"M_m02870c",28
"M_cyssermet_c",0
"M_m01672c",1608
"M_ibupgluc_c",0
"M_m01671c",165
"M_Lhcystin_c",0
"M_argtyrval_c",0
"M_m00471c",0
"M_subeac_c",74
"M_m01670c",80
"M_14hmdz_c",0
"M_trptyrtyr_c",0
"M_m02129n",0
"M_m02128c",0
"M_atvethgluc_r",0
"M_m00472c",0
"M_CE2888_c",0
"M_m02127c",0
"M_dopa4glcur_c",0
"M_m02126c",0
"M_acgly_c",0
"M_m02125c",31160
"M_m01059c",0
"M_m00827m",0
"M_m02124c",50367
"M_ileprolys_c",0
"M_actyr_c",0
"M_m02389c",2971
"M_m02123c",1210
"M_m00825c",34
"M_1hmdgluc_c",0
"M_m02388c",2
"M_m02122c",16
"M_m01058c",0
"M_provalgln_c",0
"M_m00826m",0
"M_nacvanala_c",0
"M_m02387c",6341
"M_m01188m",0
"M_7bhglzglc_c",0
"M_m02121c",0
"M_glyhislys_c",0
"M_m01189c",4
"M_m00824c",422
"M_m02120c",606
"M_m01186m",0
"M_m01053c",136
"M_m00821c",349
"M_m02385c",252
"M_m01187m",0
"M_m01054c",127
"M_tetd7ecoa_m",0
"M_m01184c",0
"M_m01051c",0
"M_m00952c",1
"M_m01185m",0
"M_3hexdcoa_c",5
"M_m01052c",846
"M_m00953c",0
"M_CE4794_m",0
"M_m00820c",0
"M_m01182c",162
"M_m02381c",740
"M_m01409c",0
"M_m00950c",0
"M_m01050c",26
"M_m02607c",0
"M_m01183c",353
"M_m02380c",0
"M_m00951c",0
"M_2hatvlacgluc_c",0
"M_3hdeccoa_c",0
"M_m01180c",0
"M_m02606c",32
"M_m02739c",1
"M_tyrtyr_c",0
"M_m00209c",0
"M_tyrtrpphe_c",0
"M_m01407c",0
"M_procys_c",0
"M_m01181c",0
"M_m02605c",0
"M_m02738c",5581
"M_m10041c",23
"M_m01408c",174
"M_2octpencoa_m",0
"M_m02604c",20
"M_m10042c",0
"M_m01405c",0
"M_m02869m",0
"M_m02603c",6
"M_m02736c",0
"M_m00208c",0
"M_m01406c",0
"M_trpthrglu_c",0
"M_m02735c",0
"M_crvsm22_c",0
"M_m02868c",104
"M_m00338c",0
"M_m01403c",460
"M_7klitchol_c",0
"M_m01669c",6986
"M_m02601c",166
"M_m02734c",0
"M_m02867c",0
"M_m03099c",6226
"M_m00339c",0
"M_m00206c",0
"M_m01404c",0
"M_m02600c",0
"M_m02733c",0
"M_m01668c",17638
"M_m02866c",0
"M_hdeACP_c",0
"M_m01401c",19212
"M_m00469c",0
"M_m02999c",16
"M_m00203c",0
"M_m00336c",319
"M_CE5168_c",0
"M_pheasnmet_c",0
"M_m02732c",0
"M_m02865c",2
"M_m01667c",0
"M_m03097c",0
"M_metphearg_c",0
"M_m00337c",167
"M_m01402c",13
"M_m00204c",0
"M_m02998c",38184
